r2(決定係数),RMSE(平方平均二乗誤差),MSE(平均二乗誤差),MAE(平均絶対誤差)
-1.5838653958600926,50.16952561814681,2516.9813007498888,43.929325265174285
