r2(決定係数),RMSE(平方平均二乗誤差),MSE(平均二乗誤差),MAE(平均絶対誤差)
-2.492998246683573,58.3316465359384,3402.580987593654,50.313052407406204
