r2(決定係数),RMSE(平方平均二乗誤差),MSE(平均二乗誤差),MAE(平均絶対誤差)
-1.89394578795395,53.09458704208047,2819.0351731690594,46.001849999333764
