r2(決定係数),RMSE(平方平均二乗誤差),MSE(平均二乗誤差),MAE(平均絶対誤差)
-2.2041749621503035,55.86800494400556,3121.2339764234302,49.03292171856042
