R^2(決定係数),RMSE(二乗平均平方根誤差),MSE(平均二乗誤差),MAE(平均絶対誤差)
0.9662663081785096,6.53812879908921,42.747128193479725,4.6791429544312635
