R^2(決定係数),RMSE(二乗平均平方根誤差),MSE(平均二乗誤差),MAE(平均絶対誤差)
-2.6250910679401507,59.42435989032965,3531.254548375419,52.315085000876195
