R^2(決定係数),RMSE(二乗平均平方根誤差),MSE(平均二乗誤差),MAE(平均絶対誤差)
-1.2096745191515867,46.39478916812398,2152.476461954674,39.28586019332729
