R^2(決定係数),RMSE(二乗平均平方根誤差),MSE(平均二乗誤差),MAE(平均絶対誤差)
-0.8241809013235979,42.15402064724054,1776.961456727982,36.9647447382933
