R^2(決定係数),RMSE(二乗平均平方根誤差),MSE(平均二乗誤差),MAE(平均絶対誤差)
-1.1282399149678475,45.53185495674044,2073.149815801649,38.87784475173327
