R^2(決定係数),RMSE(二乗平均平方根誤差),MSE(平均二乗誤差),MAE(平均絶対誤差)
0.8956978981868191,11.496564105202205,132.1709862250238,8.436342952934526
