R^2(決定係数),RMSE(二乗平均平方根誤差),MSE(平均二乗誤差),MAE(平均絶対誤差)
-1.5482207785972273,49.822277693860016,2482.259354604101,43.23523033028619
