R^2(決定係数),RMSE(二乗平均平方根誤差),MSE(平均二乗誤差),MAE(平均絶対誤差)
-1.2490804445264843,46.80664860546808,2190.862353675767,39.720249438293784
