R^2(決定係数),RMSE(二乗平均平方根誤差),MSE(平均二乗誤差),MAE(平均絶対誤差)
0.9658919718196194,6.574304901706695,43.22148494060467,4.712044164751551
