R^2(決定係数),RMSE(二乗平均平方根誤差),MSE(平均二乗誤差),MAE(平均絶対誤差)
-2.0135800954330194,54.18092572453227,2935.572712367283,47.07411988081087
