R^2(決定係数),RMSE(二乗平均平方根誤差),MSE(平均二乗誤差),MAE(平均絶対誤差)
-0.6215760827603403,39.74419607774047,1579.601121865881,33.253671857093074
