R^2(決定係数),RMSE(二乗平均平方根誤差),MSE(平均二乗誤差),MAE(平均絶対誤差)
-2.522956916631728,58.58126124280639,3431.76416879793,50.7926567220422
