R^2(決定係数),RMSE(二乗平均平方根誤差),MSE(平均二乗誤差),MAE(平均絶対誤差)
-1.9804907778852008,53.88264953834632,2903.3399212722534,46.992423109775295
