R^2(決定係数),RMSE(二乗平均平方根誤差),MSE(平均二乗誤差),MAE(平均絶対誤差)
0.8436673165325783,14.074935930117684,198.10382143691774,6.611532385075102
