R^2(決定係数),RMSE(二乗平均平方根誤差),MSE(平均二乗誤差),MAE(平均絶対誤差)
-2.1882027200414425,55.728584948586295,3105.6751803717993,48.627853283156924
