R^2(決定係数),RMSE(二乗平均平方根誤差),MSE(平均二乗誤差),MAE(平均絶対誤差)
-2.6183280041842534,59.368902200226024,3524.6665484600026,52.14717832196709
