R^2(決定係数),RMSE(二乗平均平方根誤差),MSE(平均二乗誤差),MAE(平均絶対誤差)
-2.250763519796591,56.2726983174288,3166.6165759243536,49.103445108841534
