R^2(決定係数),RMSE(二乗平均平方根誤差),MSE(平均二乗誤差),MAE(平均絶対誤差)
0.7105114020721681,19.15302019989272,366.83818277749856,14.474229417602938
