R^2(決定係数),RMSE(二乗平均平方根誤差),MSE(平均二乗誤差),MAE(平均絶対誤差)
0.8955897147351519,11.502524750422067,132.30807563407222,8.249490681535994
