r2(決定係数),RMSE(平方平均二乗誤差),MSE(平均二乗誤差),MAE(平均絶対誤差)
-1.3830135767087808,48.180167998963626,2321.3285884083584,41.36993581806445
