R^2(決定係数),RMSE(二乗平均平方根誤差),MSE(平均二乗誤差),MAE(平均絶対誤差)
-1.3830135767087777,48.18016799896359,2321.3285884083552,41.369935818064434
