R^2(決定係数),RMSE(二乗平均平方根誤差),MSE(平均二乗誤差),MAE(平均絶対誤差)
0.9715551514482846,5.263890719595439,27.708545507842988,4.376002309583992
