MSE(平均二乗誤差),MAE(平均絶対誤差)
229.88866348917546,11.420828242676608
