R^2(決定係数),RMSE(二乗平均平方根誤差),MSE(平均二乗誤差),MAE(平均絶対誤差)
0.0763352254162003,29.995923849740542,899.7554475994335,23.337778203017045
