MSE(平均二乗誤差),MAE(平均絶対誤差)
221.21360940594266,11.459291334205322
