R^2(決定係数),RMSE(二乗平均平方根誤差),MSE(平均二乗誤差),MAE(平均絶対誤差)
0.8634615497353539,13.153732932040144,173.02069004743743,9.842275934205453
