R^2(決定係数),RMSE(二乗平均平方根誤差),MSE(平均二乗誤差),MAE(平均絶対誤差)
-0.2648856030762534,35.10190418354259,1232.1436773106047,29.87269433728692
