MSE(平均二乗誤差),MAE(平均絶対誤差)
3292.4453473412236,50.50488500270713
