R^2(決定係数),RMSE(二乗平均平方根誤差),MSE(平均二乗誤差),MAE(平均絶対誤差)
-0.4197918986762619,37.189248165627816,1383.0401791246518,30.43079576557186
