MSE(平均二乗誤差),MAE(平均絶対誤差)
4942.392812790814,62.72390920418459
