R^2(決定係数),RMSE(二乗平均平方根誤差),MSE(平均二乗誤差),MAE(平均絶対誤差)
-1.3505937990249457,47.851311433923655,2289.748005946353,41.85898209656176
