r2(決定係数),RMSE(平方平均二乗誤差),MSE(平均二乗誤差),MAE(平均絶対誤差)
-1.9321351028095831e+24,43383421174670.61,1.8821212328188585e+27,35821759455630.664
