R^2(決定係数),RMSE(二乗平均平方根誤差),MSE(平均二乗誤差),MAE(平均絶対誤差)
0.05015746948550004,30.418014149964726,925.2555848274544,26.87901570382544
