R^2(決定係数),RMSE(二乗平均平方根誤差),MSE(平均二乗誤差),MAE(平均絶対誤差)
-7.577930927390126e+20,859172509861.1755,7.381774017011518e+23,702496906134.6871
