R^2(決定係数),RMSE(二乗平均平方根誤差),MSE(平均二乗誤差),MAE(平均絶対誤差)
-7.979638596886793e+25,278802499424592.88,7.773083368540012e+28,227452616605885.44
