R^2(決定係数),RMSE(二乗平均平方根誤差),MSE(平均二乗誤差),MAE(平均絶対誤差)
-2.7423326322721145e+25,163442545483240.53,2.671346567404115e+28,128188231971626.27
