R^2(決定係数),RMSE(二乗平均平方根誤差),MSE(平均二乗誤差),MAE(平均絶対誤差)
0.8563039457766043,13.494101009604185,182.0907620574007,10.171302057975955
