R^2(決定係数),RMSE(二乗平均平方根誤差),MSE(平均二乗誤差),MAE(平均絶対誤差)
-1.1302060666721192,45.55288216025928,2075.065073106468,39.39188566523074
