R^2(決定係数),RMSE(二乗平均平方根誤差),MSE(平均二乗誤差),MAE(平均絶対誤差)
0.8504584610698693,13.765831778976786,189.4981245670872,10.440050466570682
