R^2(決定係数),RMSE(二乗平均平方根誤差),MSE(平均二乗誤差),MAE(平均絶対誤差)
0.9844782161365412,4.434986999704253,19.66910968754573,2.607431543808349
