r2(決定係数),RMSE(平方平均二乗誤差),MSE(平均二乗誤差),MAE(平均絶対誤差)
-1.1101173031098428,45.33758168382088,2055.4963129371304,38.21673256351461
