R^2(決定係数),RMSE(二乗平均平方根誤差),MSE(平均二乗誤差),MAE(平均絶対誤差)
-1.1739654900748304,46.018385144561826,2117.691771313229,38.88339007994498
