R^2(決定係数),RMSE(二乗平均平方根誤差),MSE(平均二乗誤差),MAE(平均絶対誤差)
0.7880226130012501,16.3895225620639,268.61644981240164,11.804179153287153
