R^2(決定係数),RMSE(二乗平均平方根誤差),MSE(平均二乗誤差),MAE(平均絶対誤差)
-1.118198003846592,45.42430893721031,2063.367842423125,38.28948051264989
