R^2(決定係数),RMSE(二乗平均平方根誤差),MSE(平均二乗誤差),MAE(平均絶対誤差)
-0.33420355440654403,36.05089892965653,1299.6673136363104,28.576163623344062
