R^2(決定係数),RMSE(二乗平均平方根誤差),MSE(平均二乗誤差),MAE(平均絶対誤差)
-1.53932502936577,49.73523775339673,2473.5938743868996,42.86024050242536
