R^2(決定係数),RMSE(二乗平均平方根誤差),MSE(平均二乗誤差),MAE(平均絶対誤差)
-1.4817881315705597,49.168550270010286,2417.5463356545283,42.11833333720009
