r2(決定係数),RMSE(平方平均二乗誤差),MSE(平均二乗誤差),MAE(平均絶対誤差)
-0.016730537486762342,31.470814679638266,990.4121766001354,24.53554388292792
