r2(決定係数),RMSE(平方平均二乗誤差),MSE(平均二乗誤差),MAE(平均絶対誤差)
-0.34381143634010436,36.180471152223184,1309.0264927968542,29.31084656084656
