r2(決定係数),RMSE(平方平均二乗誤差),MSE(平均二乗誤差),MAE(平均絶対誤差)
0.07161601975924181,30.07245409453017,904.3524952676244,23.689540139036097
