R^2(決定係数),RMSE(二乗平均平方根誤差),MSE(平均二乗誤差),MAE(平均絶対誤差)
0.058060888636292884,30.291199182977834,917.5567479428371,23.918262372721454
