R^2(決定係数),RMSE(二乗平均平方根誤差),MSE(平均二乗誤差),MAE(平均絶対誤差)
-0.1920830577207182,34.076761094227656,1161.2256466730676,26.8014995680812
