R^2(決定係数),RMSE(二乗平均平方根誤差),MSE(平均二乗誤差),MAE(平均絶対誤差)
-0.3236226205861945,35.90766311409715,1289.3602703154927,29.06941270114613
