R^2(決定係数),RMSE(二乗平均平方根誤差),MSE(平均二乗誤差),MAE(平均絶対誤差)
-0.037065373495376974,31.78396827899447,1010.2206395601269,24.81216616727868
