R^2(決定係数),RMSE(二乗平均平方根誤差),MSE(平均二乗誤差),MAE(平均絶対誤差)
-0.3915319342897392,36.81727491277,1355.5117320024835,29.50011803244247
