R^2(決定係数),RMSE(二乗平均平方根誤差),MSE(平均二乗誤差),MAE(平均絶対誤差)
0.05495011799234206,30.34117656582493,920.586995398564,24.022050830309833
