R^2(決定係数),RMSE(二乗平均平方根誤差),MSE(平均二乗誤差),MAE(平均絶対誤差)
-0.06995290769370355,32.28400332247232,1042.2568705254039,25.509195826004962
