R^2(決定係数),RMSE(二乗平均平方根誤差),MSE(平均二乗誤差),MAE(平均絶対誤差)
-0.05913563703449398,32.120392401283404,1031.7196080124245,24.893924292739563
